Name,Property
E 群誌 2022.10.31 刊,"November 1, 2022 10:00 AM"
E 群誌 2022.10.28-30 刊,"October 31, 2022 10:07 AM"
E 群誌 2022.10.27 刊,"October 28, 2022 10:12 AM"
E 群誌 2022.10.26 刊,"October 27, 2022 10:02 AM"
E 群誌 2022.10.25 刊,"October 26, 2022 5:50 PM"
E 群誌 2022.10.24 刊,"October 25, 2022 9:53 AM"
E 群誌 2022.10.22-23 刊,"October 24, 2022 10:09 AM"
E 群誌 2022.10.21 刊,"October 22, 2022 10:14 AM"
E 群誌 2022.10.20 刊,"October 21, 2022 9:54 AM"
E 群誌 2022.10.19 刊,"October 20, 2022 10:08 AM"
E 群誌 2022.10.18 刊,"October 19, 2022 10:36 AM"
E 群誌 2022.10.17 刊,"October 18, 2022 10:29 AM"
E 群誌 2022.10.14-16 刊,"October 17, 2022 10:21 AM"
E 群誌 2022.10.13 刊,"October 14, 2022 10:14 AM"
E 群誌 2022.10.12 刊,"October 14, 2022 10:14 AM"
E 群誌 2022.10.11 刊,"October 14, 2022 10:13 AM"
E 群誌 2022.10.10 刊,"October 11, 2022 9:59 AM"
E 群誌 2022.10.9 刊,"October 10, 2022 10:08 AM"
E 群誌 2022.10.8 刊,"October 9, 2022 10:27 AM"
E 群誌 2022.9.30-10.7 刊,"October 8, 2022 10:20 AM"
E 群誌 2022.9.29 刊,"September 30, 2022 10:14 AM"
E 群誌 2022.9.28 刊,"September 30, 2022 10:14 AM"
E 群誌 2022.9.27 刊,"September 28, 2022 10:43 AM"
E 群誌 2022.9.26 刊,"September 27, 2022 10:30 AM"
E 群誌 2022.9.23-25 刊,"September 27, 2022 10:32 AM"
E 群誌 2022.9.22 刊,"September 23, 2022 10:32 AM"
E 群誌 2022.9.21 刊,"September 22, 2022 9:59 AM"
E 群誌 2022.9.20 刊,"September 21, 2022 9:57 AM"
E 群誌 2022.9.19 刊,"September 20, 2022 10:10 AM"
E 群誌 2022.9.17-18 刊,"September 19, 2022 10:38 AM"
E 群誌 2022.9.16 刊,"September 17, 2022 10:48 AM"
E 群誌 2022.9.15 刊,"September 16, 2022 10:19 AM"
E 群誌 2022.9.14 刊,"September 15, 2022 10:13 AM"
E 群誌 2022.9.13 刊,"September 14, 2022 10:35 AM"
E 群誌 2022.9.9-12 刊,"September 13, 2022 10:21 AM"
E 群誌 2022.9.8 刊,"September 9, 2022 10:18 AM"
E 群誌 2022.9.7 刊,"September 8, 2022 10:14 AM"
E 群誌 2022.9.6 刊,"September 7, 2022 10:08 AM"
E 群誌 2022.9.5 刊,"September 6, 2022 10:35 AM"
E 群誌 2022.9.3-4 刊,"September 5, 2022 10:45 AM"
E 群誌 2022.9.2 刊,"September 3, 2022 10:19 AM"
E 群誌 2022.9.1 刊,"September 2, 2022 9:59 AM"
E 群誌 2022.8.31 刊,"September 1, 2022 9:58 AM"
E 群誌 2022.8.30 刊,"August 31, 2022 10:21 AM"
E 群誌 2022.8.29 刊,"August 30, 2022 10:22 AM"
E 群誌 2022.8.26-28 刊,"August 29, 2022 10:17 AM"
E 群誌 2022.8.25 刊,"August 26, 2022 10:18 AM"
E 群誌 2022.8.24 刊,"August 25, 2022 7:09 PM"
E 群誌 2022.8.23 刊,"August 24, 2022 10:35 AM"
E 群誌 2022.8.22 刊,"August 23, 2022 10:24 AM"
E 群誌 2022.8.20-21 刊,"August 22, 2022 10:18 AM"
E 群誌 2022.8.19 刊,"August 20, 2022 10:54 AM"
E 群誌 2022.8.18 刊,"August 19, 2022 10:16 AM"
E 群誌 2022.8.17 刊,"August 18, 2022 10:19 AM"
E 群誌 2022.8.16 刊,"August 17, 2022 10:21 AM"
E 群誌 2022.8.15 刊,"August 16, 2022 10:25 AM"
E 群誌 2022.8.12-14 刊,"August 15, 2022 9:53 AM"
E 群誌 2022.8.11 刊,"August 14, 2022 7:39 PM"
E 群誌 2022.8.10 刊,"August 14, 2022 7:39 PM"
E 群誌 2022.8.9 刊,"August 10, 2022 11:23 AM"
E 群誌 2022.8.8 刊,"August 9, 2022 10:54 AM"
E 群誌 2022.8.6-7 刊,"August 8, 2022 10:38 AM"
E 群誌 2022.8.5 刊,"August 6, 2022 10:22 AM"
E 群誌 2022.8.4 刊,"August 5, 2022 10:17 AM"
E 群誌 2022.8.3 刊,"August 4, 2022 10:13 AM"
E 群誌 2022.8.2 刊,"August 3, 2022 10:25 AM"
E 群誌 2022.8.1 刊,"August 2, 2022 10:06 AM"
E 群誌 2022.7.29-31 刊,"August 1, 2022 10:08 AM"
E 群誌 2022.7.28 刊,"July 29, 2022 10:00 AM"
E 群誌 2022.7.27 刊,"July 28, 2022 9:55 AM"
E 群誌 2022.7.26 刊,"July 27, 2022 10:16 AM"
E 群誌 2022.7.25 刊,"July 26, 2022 10:46 AM"
E 群誌 2022.7.23-24 刊,"July 25, 2022 10:09 AM"
E 群誌 2022.7.22 刊,"July 23, 2022 10:14 AM"
E 群誌 2022.7.21 刊,"July 22, 2022 10:04 AM"
E 群誌 2022.7.20 刊,"July 21, 2022 10:07 AM"
E 群誌 2022.7.19 刊,"July 20, 2022 10:07 AM"
"E 群誌 2022.7.18 刊 ","July 19, 2022 10:02 AM"
"E 群誌 2022.7.15-17 刊 ","July 18, 2022 10:00 AM"
"E 群誌 2022.7.14 刊 ","July 15, 2022 10:10 AM"
"E 群誌 2022.7.13 刊 ","July 14, 2022 11:23 AM"
"E 群誌 2022.7.12 刊 ","July 11, 2022 10:00 AM"
"E 群誌 2022.7.11 刊 ","July 13, 2022 10:06 AM"
"E 群誌 2022.7.8-10 刊 ","July 12, 2022 11:02 AM"
"E 群誌 2022.7.7 刊 ","July 8, 2022 9:53 AM"
"E 群誌 2022.7.6 刊 ","July 7, 2022 9:56 AM"
"E 群誌 2022.7.5 刊 ","July 6, 2022 9:56 AM"
"E 群誌 2022.7.4 刊 ","July 5, 2022 9:53 AM"
"E 群誌 2022.7.1-7.3 刊 ","July 4, 2022 10:24 AM"
"E 群誌 2022.6.30 刊 ","July 1, 2022 10:38 AM"
"E 群誌 2022.6.29 刊 ","June 30, 2022 3:44 PM"
E 群誌 2022.6.28 刊,"June 29, 2022 5:23 PM"
E 群誌 2022.6.27 刊,"June 22, 2022 3:20 PM"